firstName,lastName
Joanna,Gamsjager
Klara,Graf
Irmgard,Lenz
Linda,Biedermann
Felicitas,Ullrich
Nuray,Prantl
Noel,Reithofer
Milan,Koch
Leonid,Peukert
Ron,Bruder
Jennifer,Reindl
Bruno,Trimmel
Adrian,Halzenbecher
Adrian,Singer
Johannes,Wirth
HansaLudwig,Pohl
Francoise,Trupp
Nicolai,Weiss
Nathalie,Klotz
Nicole,Schinagl
Juliane,Ruppert
Leah,Holzapfel
Eckart,Leitgeb
Burckhard,Fliegner
Leif,Jakel
Konstantin,Kalbl
Alois,Riedl
Ilias,Beer
Veli,Kensy
Matteo,Deutschmann
Cecilia,Hein
Heinz,Rausch
Liam,Haderer
Cristina,Klaus
Mila,Carsten
Zoe,Eberhardt
Konrad,Scholtz
Eda,Wohlmuth
Hiltrud,Sorgatz
Kathrin,Bruder
Jaqueline,Farkas
Jacqueline,Kusch
Jonas,Schneeberger
Petros,Prinz
Mara,Rohrmoser
Florian,Bolzmann
Sarah,Harle
Gunar,Bruder
Siegmund,Rassler
Rotraud,Klotz
Ben,Probst
Dennis,Hummel
Frida,Eimer
AnnaaMaria,Kitzmann
Maik,Kappel
Sabine,Graf
HansaJosef,Kanig
FriedrichaWilhelm,Rogner
Jennifer,Weller
Nelly,GreinaGroth
Steven,Wiesinger
Ludmilla,Buchberger
Lucas,Lamprecht
Raisa,Nowak
Ariane,Simic
Martha,Stelzl
Justin,Dirnberger
Undine,Wirth
Hasso,List
Franz,Seifert
Aurelio,Hettner
Emine,Plath
Louis,Moritz
Lina,Stager
Leni,Hahn
Natascha,Eckbauer
Ludmilla,Hauer
Sabrina,Warmer
Teodor,Seebacher
Jenny,Ullrich
Kathrin,Juncken
Erdogan,Fechner
Lennard,Ziegert
Larissa,Tauber
Laura,Schuller
Darius,Nette
Verena,Mude
Edeltrud,Wandl
Anna,Winkler
Woldemar,Pergande
Sonia,Beyer
Paula,Mayerhofer
Piotr,Pertl
Doris,Liebelt
Winfried,Heger
Anke,Ditschlerin
Aribert,Hofmann
Mika,Patberg
Ahmet,Falkner
Ronald,Gangl
